{
  "filename": "SDRSharp_20170526_225715Z_145825000Hz_IQ.wav",
  "sampling rate": 2048000,
  "centre frequency": 145825000.0,
  "channel frequency": [
    145825000.0
  ],
  "bandwidth": [
    10000.0
  ],
  "frequency": [
    [
      145828237.87291786,
      145828132.40093318,
      145827980.07324445,
      145827973.33919778,
      145827966.60020122,
      145827901.43887207,
      145827895.37938306,
      145827877.9635808,
      145827872.43912566,
      145827834.22069347,
      145827830.26098564,
      145827805.55556595,
      145827797.74192053,
      145827796.2267075,
      145827788.7114266,
      145827788.75574732,
      145827788.62821665,
      145827788.4443728,
      145827753.04016033,
      145827616.31585905,
      145827602.90168968,
      145827508.33484215,
      145827293.17741373,
      145827267.52157223,
      145826935.00198284,
      145826828.62927622,
      145826791.73658237,
      145826385.95896128,
      145826341.97458887,
      145825775.56860524,
      145825725.7410785,
      145825625.19123673,
      145825162.54797602,
      145825110.594864,
      145824954.71465474,
      145824902.83012155,
      145824543.2251631,
      145824492.65727073,
      145823959.37890843,
      145823913.54746595,
      145823608.50111622,
      145823567.37434933,
      145823371.8563545,
      145823334.85814402,
      145823263.04755256,
      145823035.40684375,
      145822977.29011375,
      145822949.39633474,
      145822922.27869886,
      145822732.95326558,
      145822712.66456527,
      145822534.99026433,
      145822522.63676792,
      145822499.61337557,
      145822488.90838173,
      145822364.72243905,
      145822360.31493106,
      145822319.81849924,
      145822315.72922516,
      145822293.93925163,
      145822289.22731435,
      145822213.0781864,
      145822206.01740074,
      145822072.37089095,
      145822064.68623635,
      145822005.53761974,
      145822005.90525892,
      145822009.62532774,
      145822014.4089655,
      145821770.72697353
    ]
  ],
  "raw-frequency": [
    [
      145828234.42257932,
      145828156.11349165,
      145827956.35163674,
      145827863.9848157,
      145827910.0802422,
      145827968.6120502,
      145827910.0719618,
      145827906.97521377,
      145827957.64182532,
      145827731.69298652,
      145827776.55120856,
      145827967.60733542,
      145827940.71509933,
      145827840.13882136,
      145827732.52648905,
      145827729.9024359,
      145827631.310537,
      145827863.31222424,
      145827686.9856828,
      145827560.18834612,
      145827514.63656515,
      145827593.13086978,
      145827084.44427666,
      145827247.52523452,
      145827020.3534302,
      145826894.3426576,
      145827073.65813276,
      145826283.39765048,
      145826657.52924642,
      145825606.65445364,
      145825934.93425548,
      145825519.8104407,
      145824977.83416957,
      145825300.95096114,
      145824751.19207245,
      145824875.742173,
      145824455.56653342,
      145824655.41166356,
      145823748.7164876,
      145823831.6657483,
      145823680.0502014,
      145823416.9552854,
      145823310.37831718,
      145823433.2771226,
      145823367.7563797,
      145823169.63008568,
      145822947.66756576,
      145822937.69793722,
      145822918.05947924,
      145822311.46189728,
      145822687.063369,
      145822808.3171661,
      145822829.78212267,
      145822536.72252244,
      145822736.2893891,
      145822184.89461148,
      145822438.13538557,
      145822162.608258,
      145822217.19671643,
      145822252.76840407,
      145822182.22730348,
      145822110.4372373,
      145822277.69508028,
      145822177.6643567,
      145822119.31615067,
      145822066.91858888,
      145821998.05764458,
      145821968.36794063,
      145821973.1129984,
      145821801.33648902
    ]
  ],
  "time": [
    [
      4.012305283757339,
      37.11382387475538,
      82.25225831702545,
      83.25533463796478,
      84.25841095890412,
      94.28917416829746,
      95.2922504892368,
      98.3014794520548,
      99.30455577299414,
      107.32916634050882,
      108.33224266144815,
      116.35685322896283,
      120.36915851272016,
      121.3722348336595,
      137.42145596868886,
      138.4245322896282,
      142.43683757338553,
      143.43991389432486,
      161.4952876712329,
      177.54450880626226,
      178.5475851272016,
      184.56604305283759,
      194.59680626223093,
      195.59988258317028,
      206.63372211350296,
      209.64295107632097,
      210.6460273972603,
      220.67679060665364,
      221.67986692759297,
      233.716782778865,
      234.71985909980432,
      236.726011741683,
      245.75369863013702,
      246.75677495107635,
      249.76600391389434,
      250.7690802348337,
      257.790614481409,
      258.79369080234835,
      269.827530332681,
      270.8306066536204,
      277.8521409001957,
      278.85521722113504,
      283.87059882583173,
      284.87367514677106,
      286.8798277886497,
      293.9013620352251,
      295.90751467710373,
      296.91059099804306,
      297.9136673189824,
      305.9382778864971,
      306.9413542074364,
      317.97519373776913,
      318.97827005870846,
      320.9844227005871,
      321.98749902152645,
      340.0428727984345,
      341.0459491193738,
      351.07671232876714,
      352.0797886497065,
      357.0951702544032,
      358.0982465753425,
      371.1382387475538,
      372.1413150684932,
      389.19361252446186,
      390.19668884540124,
      399.22437573385525,
      423.29820743639925,
      424.3012837573386,
      434.3320469667319,
      445.36588649706465
    ]
  ]
}