{
  "filename": "SDRSharp_20170527_003520Z_145900000Hz_IQ.wav",
  "sampling rate": 2048000,
  "centre frequency": 145900000.0,
  "channel frequency": [
    145825000.0
  ],
  "bandwidth": [
    10000.0
  ],
  "frequency": [
    [
      145827806.25053978,
      145827898.63367108,
      145826201.06825066,
      145826152.56603926,
      145825591.07618284,
      145825546.25425437,
      145825076.66734472,
      145824801.96541658,
      145824764.3316055,
      145824617.886708,
      145824280.57980996,
      145823876.13280064,
      145823850.1417986,
      145823725.67536926,
      145823701.85411665,
      145823328.45124966,
      145823292.797039,
      145823275.35704634,
      145822999.69778284,
      145822986.20587173,
      145822959.70171514,
      145822946.68097916,
      145822812.42113903,
      145822800.93816265,
      145822756.04509073,
      145822745.06869242,
      145822552.82944056,
      145822543.5330797,
      145822447.4317041,
      145822439.33035988,
      145822386.3263935,
      145822379.35033098,
      145822285.54961538,
      145822366.13276076,
      145822376.97881803
    ]
  ],
  "raw-frequency": [
    [
      145827789.28521004,
      145827917.10916418,
      145826080.91107893,
      145826149.066343,
      145825486.54904112,
      145825769.01091698,
      145825109.10682803,
      145824723.06623587,
      145824934.36711797,
      145824698.6367825,
      145824301.12734723,
      145823356.50442123,
      145824037.23932981,
      145823688.78541982,
      145823727.51178026,
      145823288.49957544,
      145823327.2792544,
      145823265.83756983,
      145823160.62565783,
      145822840.61429584,
      145822742.3119211,
      145823116.2964792,
      145822830.8722753,
      145823082.73901317,
      145823030.07691485,
      145822690.58142653,
      145822773.15150416,
      145821891.4806362,
      145822364.76919675,
      145822442.39424828,
      145822537.3427619,
      145822308.30398154,
      145822442.24809816,
      145822325.7662861,
      145822342.4430654
    ]
  ],
  "time": [
    [
      7.0321055718475085,
      8.036692082111438,
      117.53662170087978,
      118.54120821114371,
      130.59624633431088,
      131.6008328445748,
      142.65128445747803,
      149.68339002932552,
      150.68797653958947,
      154.70632258064518,
      164.7521876832845,
      178.8163988269795,
      179.82098533724343,
      184.84391788856308,
      185.848504398827,
      203.93106158357773,
      205.9402346041056,
      206.94482111436952,
      225.02737829912027,
      226.0319648093842,
      228.04113782991206,
      229.04572434017598,
      240.0961759530792,
      241.10076246334313,
      245.11910850439887,
      246.1236950146628,
      265.21083870967743,
      266.2154252199414,
      277.26587683284464,
      278.27046334310853,
      285.30256891495605,
      286.30715542522,
      314.43557771261004,
      328.49978885630503,
      329.504375366569
    ]
  ]
}