{
  "filename": "SDRSharp_20190521_184218Z_137500000Hz_IQ.wav",
  "sampling rate": 2048000,
  "centre frequency": 137500000.0,
  "channel frequency": [
    137620000.0
  ],
  "bandwidth": [
    32000.0
  ],
  "frequency": [
    [
      137619743.0940757,
      137619730.53918523,
      137619718.02452296,
      137619705.55032393,
      137619693.11682317,
      137619680.72425562,
      137619668.37285638,
      137619656.06286037,
      137619643.79450262,
      137619631.56801817,
      137619619.383642,
      137619607.2416091,
      137619595.1421545,
      137619583.0855132,
      137619571.07192025,
      137619559.10161057,
      137619547.17481923,
      137619535.29178122,
      137619523.45273155,
      137619511.65790522,
      137619499.90753722,
      137619488.2018626,
      137619476.54111633,
      137619464.9255334,
      137619453.35534889,
      137619441.83079773,
      137619430.35211498,
      137619418.9195356,
      137619407.53329465,
      137619396.1936271,
      137619384.90076795,
      137619373.65495223,
      137619362.4564149,
      137619351.30539104,
      137619340.20211563,
      137619329.14682364,
      137619318.13975012,
      137619307.18113005,
      137619296.27119845,
      137619285.4101903,
      137619274.59834066,
      137619263.83588448,
      137619253.12305683,
      137619242.46009263,
      137619231.84722698,
      137619221.28469482,
      137619210.77273116,
      137619200.31157106,
      137619189.90144947,
      137619179.5426014,
      137619169.23526192,
      137619158.97966594,
      137619148.77604854,
      137619138.62464473,
      137619128.52568945,
      137619118.47941777,
      137619108.48606464,
      137619098.54586515,
      137619088.65905422,
      137619078.8258669,
      137619069.04653817,
      137619059.3213031,
      137619049.65039662,
      137619040.03405377,
      137619030.47250956,
      137619020.965999,
      137619011.5147571,
      137619002.11901882,
      137618992.7790192,
      137618983.4949933,
      137618974.26717603,
      137618965.09580246,
      137618955.98110756,
      137618946.92332634,
      137618937.92269385,
      137618928.97944507,
      137618920.093815,
      137618911.26603863,
      137618902.496351,
      137618893.7849871,
      137618885.13218194,
      137618876.53817052,
      137618868.00318787,
      137618859.52746898,
      137618851.11124882,
      137618842.75476247,
      137618834.4582449,
      137618809.93085486,
      137618785.9516441,
      137618778.08148813,
      137618770.27318102,
      137618762.52695772,
      137618754.84305328,
      137618747.2217027,
      137618739.66314095,
      137618732.1676031,
      137618724.73532408,
      137618717.36653897,
      137618710.06148273,
      137618702.82039037,
      137618695.64349693,
      137618688.53103736,
      137618681.4832467,
      137618674.50035998,
      137618667.5826122,
      137618660.7302383,
      137618653.94347337,
      137618647.22255236,
      137618640.5677103,
      137618633.9791822,
      137618627.45720306,
      137618621.0020079,
      137618614.6138317,
      137618608.29290947,
      137618602.03947625,
      137618595.853767,
      137618589.73601678,
      137618583.68646055,
      137618577.70533332,
      137618571.79287013,
      137618565.94930598,
      137618560.17487583,
      137618554.46981475,
      137618548.83435768,
      137618543.2687397,
      137618537.77319574,
      137618532.34796086,
      137618526.99327007,
      137618521.70935833,
      137618516.4964607,
      137618511.35481218,
      137618506.2846477,
      137618501.28620237,
      137618496.35971114,
      137618491.505409,
      137618486.72353104,
      137618482.01431215,
      137618477.37798744,
      137618472.81479186,
      137618468.32496044,
      137618463.90872815,
      137618459.56633005,
      137618455.2980011,
      137618451.10397634,
      137618446.98449075,
      137618442.93977937,
      137618438.97007716,
      137618435.07561916,
      137618431.25664037,
      137618427.51337582,
      137618423.84606045,
      137618420.25492933,
      137618416.74021745,
      137618413.30215982,
      137618409.94099143,
      137618406.65694728,
      137618403.4502624,
      137618400.3211718,
      137618397.26991045,
      137618394.29671338,
      137618391.40181562,
      137618388.58545214,
      137618385.84785795,
      137618383.18926808,
      137618380.60991752,
      137618378.1100413,
      137618349.11229426,
      137618347.99943745,
      137618346.9702851,
      137618346.02507216,
      137618345.16403368,
      137618344.38740468,
      137618343.69542012,
      137618343.088315,
      137618342.5663244,
      137618342.1296833,
      137618341.77862665,
      137618341.5133895,
      137618341.33420685,
      137618341.24131373,
      137618341.23494512,
      137618341.31533602,
      137618341.48272145,
      137618341.73733643,
      137618342.07941592,
      137618342.50919497,
      137618343.0269086,
      137618343.63279176,
      137618344.3270795,
      137618345.1100068,
      137618345.98180872,
      137618346.9427202,
      137618347.99297628,
      137618349.13281193,
      137618350.36246222,
      137618351.6821621,
      137618353.09214664,
      137618354.59265077,
      137618356.18390954,
      137618357.86615795,
      137618359.639631,
      137618363.4611911,
      137618372.20934728,
      137618430.181395,
      137618434.3118613,
      137618438.53966245,
      137618447.28820917,
      137618451.8094248,
      137618456.42891523,
      137618470.8793857,
      137618475.8943256,
      137618502.46547326,
      137618508.0806375,
      137618525.5322297,
      137618537.67405745,
      137618556.65264872,
      137618563.1840124,
      137618576.55589968,
      137618583.3968933,
      137618590.3415669,
      137618597.3901555,
      137618619.16176134,
      137618626.62836,
      137618634.20004869,
      137618641.8770624,
      137618649.65963617,
      137618657.54800498,
      137618665.54240388,
      137618673.6430678,
      137618681.85023183,
      137618698.58500007
    ]
  ],